state,total_population,total_population_employed
"ANDAMAN AND NICOBAR",405000,3282
"ANDHRA PRADESH",53586000,8779185
"ARUNACHAL PRADESH",1594000,365599
ASSAM,36493000,2621978
BIHAR,131041000,6491797
CHHATTISGARH,30982000,4760689
"Dadra And Nagar Haveli And Daman And Diu",1479000,9571
GOA,1593000,2666
GUJARAT,73513000,1233285
HARYANA,31057000,467694
"HIMACHAL PRADESH",7555000,817504
"JAMMU AND KASHMIR",13831000,1134224
JHARKHAND,40626000,3002730
KARNATAKA,68679000,4598219
KERALA,36111000,1467006
LADAKH,304000,38176
LAKSHADWEEP,69000,0
"MADHYA PRADESH",88985000,6960399
MAHARASHTRA,128659000,6910207
MANIPUR,3289000,602422
MEGHALAYA,3417000,596325
MIZORAM,1264000,221447
NAGALAND,2279000,311218
ODISHA,46953000,4089400
PUDUCHERRY,1732000,56495
PUNJAB,31188000,1047612
RAJASTHAN,83060000,6745478
SIKKIM,703000,65348
"TAMIL NADU",77394000,6655686
TELANGANA,38499000,4221281
TRIPURA,4232000,796735
"UTTAR PRADESH",241265000,6891103
UTTARAKHAND,11913000,550780
"WEST BENGAL",100202000,0
