"parameters....i","R_squared....df.r.squared","p_value....df.coefficients.2..4.","F_statistic....df.fstatistic.1."
"Sdg.India.Index..No.Poverty..UOM...Percentage....Scaling.Factor.1",0.0126000004616103,0.52735861384927,0.408345164026765
"Sdg.India.Index.Zero.Hunger..UOM...Percentage....Scaling.Factor.1",0.00527832295264424,0.683034746549129,0.169802607485123
"Sdg.India.Index..Good.Health.And.Well.Being..UOM...Percentage....Scaling.Factor.1",0.0960097144768259,0.0745297009206662,3.39861048559871
"Sdg.India.Index..Quality.Education..UOM...Percentage....Scaling.Factor.1",0.104602996167085,0.0620651769322803,3.73833714320909
"Sdg.India.Index..Gender.Equality..UOM...Percentage....Scaling.Factor.1",0.0441462514009218,0.232992302503749,1.47792488850931
"Sdg.India.Index..Clean.Water.And.Sanitation..UOM...Percentage....Scaling.Factor.1",0.062409722947862,0.154184207311763,2.13004676265486
"Sdg.India.Index..Affordable.And.Clean.Energy..UOM...Percentage....Scaling.Factor.1",0.0763138796031323,0.113763883554614,2.64380301205673
"Sdg.India.Index..Decent.Work.And.Economic.Growth..UOM...Percentage....Scaling.Factor.1",0.0565400206110038,0.175689512773995,1.91770790396838
"Sdg.India.Index..Industry..Innovation.And.Infrastructure..UOM...Percentage....Scaling.Factor.1",0.196931944443004,0.00856517507910398,7.84718328486527
"Sdg.India.Index..Reduced.Inequality..UOM...Percentage....Scaling.Factor.1",0.0422646963529418,0.243443935248618,1.41215456728381
"Sdg.India.Index..Sustainable.Cities.And.Communities..UOM...Percentage....Scaling.Factor.1",0.209491304882382,0.00649269464373975,8.48026314908377
"Sdg.India.Index..Responsible.Consumption.And.Production..UOM...Percentage....Scaling.Factor.1",0.261257739216029,0.00200668629435537,11.3168666512199
"Sdg.India.Index..Climate.Action..UOM...Percentage....Scaling.Factor.1",0.0408022023775393,0.251949094409316,1.36121087779558
"Sdg.India.Index..Life.On.Land..UOM...Percentage....Scaling.Factor.1",0.0408513091126354,0.251657877096921,1.36291891343242
"Sdg.India.Index..Peace..Justice.And.Strong.Institutions..UOM...Percentage....Scaling.Factor.1",0.000428976871893395,0.907443103619916,0.0137331511047908
"Composite.Score.Of.Sdg.India.Index..UOM...Percentage....Scaling.Factor.1",0.0207979601369999,0.415803275623955,0.679670484016876
